study_hours,attendance,previous_marks,assignment_scores,passed
7.96560443700367,92.32428766972313,59.52698656572183,68.32758417950723,1
4.949905957768471,90.85676897463227,48.057711601817715,63.14321203640486,0
8.727381279202442,65.46883338848951,70.2983749045405,37.32977884218061,1
7.276312261534275,78.8846315769574,54.02245467903427,97.38534395139932,1
1.8475961309888458,82.2707119315005,37.16359005664182,41.69517446846032,0
9.780601164730804,94.0482529199205,60.104002649411626,37.67014106481505,1
7.850257317913177,82.13982208024265,63.44796050541022,50.994329747821,1
8.074578747492584,73.56572061731562,48.53557209225266,39.25947820469486,1
2.1530226940799126,71.83828195332322,69.34747598732693,64.58265975676456,0
5.053473441060104,74.16469388680795,68.94631402591526,68.54570708171231,0
4.337182218093231,84.33689615109884,77.12013086662228,55.31704668685796,1
9.340884899637416,94.03707842885461,73.87690893207261,38.312431367367594,1
6.794786080725981,75.42535969343349,74.1459833912619,42.25402393619974,1
8.40485451943747,66.15278033281112,53.972849109442585,59.992784569345325,1
4.99072778944598,65.64980633489115,82.24593331915723,38.93434930372485,1
3.0451484960629918,88.57064261095509,67.94866301598077,80.38233216464437,1
5.991263083142513,91.74559435407596,60.885091710793404,48.45633519911278,1
1.574355304937578,59.73751359343562,72.56074885646342,54.6346519709365,0
8.44868054793324,57.99514856298302,56.63944006701526,60.618175516576336,1
6.684979592098584,81.74951486904033,65.7643546764055,62.079626149494615,1
7.822789660768365,61.577795988671426,79.20234130893321,35.107945998862036,0
4.190733713168815,92.10988857053536,88.18417320342246,42.284574114915344,1
9.736282219554129,68.96506032658336,90.2634318377115,91.07969664315706,1
9.038090091899779,61.47423698370142,65.21797551098595,35.08014906327403,0
8.005451473663857,96.44367126193526,66.21650688443415,68.03087812783687,1
2.751748370667708,62.44892752308752,82.99222464583019,66.81763042296853,0
5.200489033543308,67.8124037052071,53.86704150465208,56.65112046569146,0
1.394233892085059,61.91260278364264,85.24294174070411,63.03625630951923,0
2.3886054286079306,60.19705286494097,64.6484987910454,85.73777393922798,0
7.147440579182092,55.951660735139804,41.951403460116104,89.67824090397217,1
7.702859403170354,57.492793412391705,39.32354882437662,51.92265532199126,1
9.70758759190789,62.85886619211337,85.51959266236778,55.961878662902436,1
3.9324282232433676,57.40218696822289,38.334075014412676,50.76138544684163,0
4.33413735431382,81.6014717249937,51.836686168019355,66.19112103581924,1
5.226002301482271,85.63215370597779,55.047802430092744,79.41179324782284,1
2.705242231758571,72.71337055744127,45.37966671149563,49.83643690512233,0
2.169293548019245,69.30959936284222,53.83360218811936,56.497823233566336,0
5.281344336033404,77.70368066600035,79.56155400350514,95.47500014329478,1
3.042184141457957,94.37522240055739,35.88097061360425,38.157003840052276,0
7.028325952142593,93.30092320699927,84.63040547124118,64.9500243405718,1
4.934367269850977,56.95637779057564,86.3928814144735,81.25127270379056,1
8.494103764520537,63.16742843184358,57.33569439149289,44.77951075123582,1
7.302385918020242,65.65351919969783,44.21677394363809,38.07931130035632,0
3.8112997724383697,66.22244091244953,71.05042447670485,43.9833491565045,0
8.49033821255681,80.70546932842477,42.18035335189366,94.7235075794944,1
8.242879217471216,73.73180915664365,56.89516166469515,35.60188581837302,1
4.487305411271571,57.21643539674173,92.50575085405833,47.24092836273787,1
3.5949529353721967,71.81263623068072,94.72786835501823,37.033428338606896,0
7.14245953577478,78.56888269229367,81.32629348127514,42.190915391543214,1
2.257772352483788,59.57523563066722,53.657690595245974,75.30970363083927,0
2.799173822275975,92.50563492048519,76.25990294996555,50.706529068040574,0
1.0662604277590497,57.33828399092969,77.32438192904075,71.998783277994,0
8.082319397519246,96.61788410581279,58.27050170981899,73.3626998797982,1
6.983657709328289,59.4600913710944,73.45331807516956,90.21329665083564,1
7.346488407637016,92.96087282189887,35.64365869854058,35.308190539271806,0
8.026561279197711,95.61939147674278,47.54345951613449,90.46901485725384,1
5.13024197984506,99.08068062639667,66.50529817803567,75.24274061775331,1
6.118670763576044,91.0911646123117,44.82507825549775,45.578326596822244,1
2.258172983148917,90.0764893347098,44.95441207259202,85.24093022879346,0
2.030770661823761,83.91174741979964,85.17825743301427,90.60695021638807,0
7.015626656114245,90.05483595601581,94.34798016101632,51.527126444020226,1
5.239865855288192,61.05484937859162,68.35816568170691,94.72158925867426,1
6.087124958330699,79.12306161764369,85.3441838529028,64.53973296941275,1
7.88498971674423,78.14002915856865,94.41929985957636,74.2225895316659,1
6.712464880005317,93.5907464855151,43.49575331412648,99.00221968514684,1
5.982214605921962,75.82597145170821,61.89473679526107,58.499845111547955,1
6.032864446708722,72.3290273245159,58.55436295051519,87.85535747830733,1
3.7355508825635098,83.78034720566995,39.8029570187711,55.69594265884987,0
1.2773605111114548,66.99084928753807,80.31981036768467,86.94887894569692,0
4.9304565030912615,61.28957849292806,61.02674163935558,74.04770472607177,1
2.931262055375763,76.50447733106856,63.15961605142408,49.063120189651094,0
4.676757793521725,73.76002158676982,44.04037842879441,61.91169609630036,0
8.680627659413496,65.46564732379932,45.85559913385209,55.64631623363151,1
3.1054553727880667,71.53803145518076,89.42621732937289,40.07704555022365,0
1.5247246752015942,71.48766024218114,37.678945338456735,36.939260056480336,0
3.532455028197969,69.73730039856454,48.97113709662237,57.52111260146676,0
3.6423438199001525,72.0758835877118,52.5235598188717,36.23721960813663,0
6.957248632542056,85.85845054551754,64.41185254409518,45.756704242815374,1
6.013289371071505,68.35944135570784,70.18671038088775,82.13691585530647,1
8.05508388195772,97.69860670219032,64.59739855103999,81.02593031943321,1
6.9788218629464875,96.235660879218,40.04692007341292,83.00772511972988,1
4.657481752960635,76.64096927350354,49.62004724334281,55.61495612344862,0
8.326183461994312,69.77625422521099,85.61530308575247,92.8512647126502,1
2.5027562791693354,79.09456554235014,73.25532202870755,73.5989856218491,0
1.2044086582047444,93.1852219948131,73.94894300805646,43.19171221353072,0
1.8104307469807757,84.36643032520459,75.2121953210813,44.34171299460972,0
7.501234155368053,91.1976322576185,80.77418114237175,80.0512027504306,1
5.156895072262486,78.97250242295831,38.48650890328684,46.24135586873507,0
2.451446011302416,83.48129331704294,56.99650309595674,67.97402560283282,0
5.509402975930271,67.96700263821077,67.37164611570071,99.4653409353662,1
2.3708089244185158,88.07019230396308,55.30738899783956,35.26049430766707,0
7.266883375699624,64.10820669065733,85.6687323972312,36.0776871233412,1
5.015406480166276,86.26591579683242,63.954350515237635,99.55049782548292,1
4.429191034868342,93.73235807466523,81.11765536756275,73.00152421872076,1
3.7136088023308886,60.944627678569475,86.12093101287014,43.249148408703356,0
6.672543338069996,82.64708832438639,65.28748897420988,93.3246429840161,1
4.256313494980514,59.279308670347056,89.573134632281,92.22471950829998,1
1.7888492738449089,87.65720327221422,70.22743643221884,69.8530268522394,0
2.062053119084638,58.80219484705841,86.01645793002331,75.41648194094918,0
9.65707898094563,97.11729202152817,55.43544773549146,52.75716744755697,1
9.177226216368464,61.1833568517011,64.92901751188911,38.283780264180336,1
7.297364204296746,98.14961106590862,66.88466246027465,73.64689457790618,1
3.392829653135676,91.03978792382935,41.29878295376423,54.15908755817959,0
9.722587396129516,81.71569020098593,58.91315040209244,78.13536803292288,1
8.008758135692151,90.21808470832961,90.04026035310056,89.35593649476908,1
7.45201170243096,90.78016775423887,72.84993442188454,36.18043535443366,1
5.044253519294098,97.57121782677987,45.65039494621805,73.72139535457228,1
3.450174056606431,66.40225092276343,55.3313381365763,50.033235079645394,0
1.8675186593814936,81.55341529112391,46.49618057976199,91.80275236374709,0
9.123421568894575,59.27721389039806,36.48938790791435,51.48819292651885,1
5.1019866085025,82.72745650108546,90.6476275102416,74.70005866030219,1
2.821270283157073,62.7081086841755,61.89243969541229,70.98015460582474,0
3.7536096173558726,80.42277751625988,53.452104345247164,60.75082250385118,0
6.212976120477064,80.75937313152323,70.9086314934642,79.0453496339866,1
2.5909550464530855,75.96933188415522,35.43886737758094,82.1750262565032,0
8.70952855683138,78.51842989809052,51.68132639604883,71.85095669576015,1
7.826675768516891,89.37655255029645,77.18200794193356,84.29744541700902,1
7.475166603558431,90.966012243043,73.02618638415578,98.92210993954095,1
4.888837357975934,77.14689470089431,93.90835685255213,62.25270521355233,1
6.6457795663219885,81.98170486851755,72.22146257948265,68.44789837255951,1
6.25688172021462,96.90563060605459,63.65035241766397,35.81054206617886,1
6.84861941399338,60.388011482550525,80.68595379104046,86.74185616017459,1
1.7599988902590018,60.26966046550497,89.19967231784318,68.81495435798959,0
4.742266619535487,58.94690553598458,78.2417568031011,61.51749297343674,0
1.3745275647570323,84.60384782682375,92.79267341296278,41.11467760081073,0
5.44591737320067,73.83737353556708,81.92031024429063,92.82766740890082,1
3.968750910995068,89.84446372638294,87.00808629571559,60.67547060263617,1
2.300717699794422,85.20541359888666,41.84624427101823,79.36780388359932,0
1.9306267095029648,70.01369912477071,78.94481017962727,44.7093201639298,0
6.288801149599409,95.42649463126911,61.40532197164212,97.50072592016711,1
2.535336716831975,89.31394661817936,68.1862281446765,46.59871451841901,0
9.326081065391175,67.1740723409579,74.2461445689414,47.970229538466874,1
6.229550257303555,71.38864079974243,93.18890700233416,90.83388593625139,1
4.121828240813533,69.14979910919183,94.07468488589748,94.31787836922553,1
6.31823942333275,62.09252418812498,52.293694729274314,48.789581489014594,1
1.2052348392672774,61.650251764398625,79.02520984627498,65.53705773136382,0
9.627032919173008,97.12573585190847,79.99901227611612,82.67716879658394,1
5.340730932486102,74.7056816739439,55.78957167878293,92.09377269770211,1
8.044617045252576,72.24939202498345,42.43218649185326,59.638425177424836,1
1.7445699993019472,87.835856890482,37.45681761714319,68.6062666452129,0
5.3799249775434435,79.8846879363805,81.6405876517507,83.21156668378276,1
5.416362949190688,97.1262994077308,64.38198450901436,82.5238384824317,1
9.440438094774846,90.11356722592265,94.13241016969556,85.89240845169552,1
6.145552471384678,76.57163038560432,62.898407371619186,72.0456982116992,1
5.261404609512584,71.93617630663718,93.67501874443042,41.79998129231039,0
3.4027809678270424,99.39841952159449,59.69456013164359,93.7582639070726,1
3.98412097608297,87.29921062016396,82.62092903359836,91.26221505586683,1
5.68605162224384,97.80375970017285,40.08915633870993,86.87633332819165,1
4.95020314274542,60.331535974766865,68.32770260826584,41.491061015447414,0
1.194508718922974,93.27401556358521,83.12358721914345,48.285828860292895,0
8.43662731774922,83.66832477960435,90.48210003319332,83.33402373199738,1
9.0654469465579,60.48647552508007,84.3549854370459,36.50410614782652,1
2.262241800987497,81.47160999861492,37.218243632070454,98.64960119097319,0
5.986325291851444,85.8743364297452,57.36214047840405,59.51440422311924,1
1.977181670218992,55.553620864987124,37.921908338831074,81.75531468990354,0
7.050160837358305,75.4443082828786,41.55693746687348,92.69212075172283,1
3.531104054551075,92.14297800383446,75.51833772004905,60.65094272975534,1
6.934803712227116,68.29115614048405,77.79549177870189,55.74361175897829,1
7.542951528581943,75.6346636809348,81.42324096509758,74.56817337838604,1
7.9178274272589135,74.90413571805519,86.92739288333976,72.7643092936233,1
1.969668513603069,68.58673261491212,79.36588810859058,61.594098545611814,0
9.244106606238471,96.32988529819994,83.05229552639793,74.11535913140105,1
3.0719259180539273,90.15823159441821,37.93782258939675,95.79978902182216,0
1.336713005585618,59.976478494824974,49.07210902647792,65.39661668072877,0
5.99367222452335,99.86655960269078,72.31386640251475,47.78824174879104,1
4.338300554761949,94.56400109384853,86.48751827748939,59.518388887395254,1
8.468107688191719,67.77587970388176,35.27000749637955,60.61695386855271,1
8.274263248578716,92.66034608474223,65.87776052698099,43.52206504670429,1
3.854250035404438,59.78887893421223,75.63724396186383,45.58664753604607,0
9.576094555627705,99.95971287134074,36.776437347716794,79.49653477058902,1
3.6182605432610675,84.95581312479416,59.08133345320327,57.06605402357867,0
5.635514163085431,84.25562570014586,88.7380928830218,97.0683954706275,1
3.303685815108425,59.06983271428597,75.29676853135152,50.833788448309484,0
9.424392130440669,95.36650295034813,49.259501801635835,41.430092831813454,1
2.4814703582381634,56.304977644201124,86.16686777791476,83.97779659501677,1
1.4041955745309609,65.83726261185161,55.88188540457086,92.26734337466155,0
4.9158735400273414,61.435984382498575,86.20068026864357,53.07736819664671,1
9.931380076502533,89.95455733114983,52.93661906713433,48.13572660695607,1
9.025095396294226,63.919190224580404,70.41921505298893,47.07479876662067,1
7.737472175112543,95.97872022088984,58.81640406487004,68.9307995888233,1
9.017132417906724,84.53210676973706,51.48950304530402,65.44708168104012,1
9.041019757280768,56.62732197226133,88.19345373031214,51.86358959054472,1
5.669725243478042,55.24434253579152,46.25562091636948,37.93625260431271,0
3.843361466477137,57.32460626564795,40.08869547414579,66.29693712120825,0
7.948111888998892,82.26663299414774,55.515616312739624,97.35660259631454,1
6.95495136850985,91.06668148867368,78.05834885849406,77.41374804892311,1
4.362919559863391,65.73487692823248,83.4458963585769,67.2079261808602,1
1.8502000125536373,93.22339793153827,94.9246022040059,42.194984811925046,0
7.721106502141234,57.57543730689672,52.78172342066989,51.408358885723175,0
3.362144643305782,91.04337341387543,59.47651706787693,54.160306722345275,1
9.431318354804013,96.75079435775262,43.20927668177758,84.71223091947023,1
3.1687351750511628,89.74487795969713,69.49231577738202,91.98620182220026,1
2.104821391703374,86.41543527903868,94.85480223577503,93.6067204818185,1
8.480014049124154,92.70910983949224,77.05286060723951,98.99695953629902,1
2.3795588496204463,56.80680847961799,70.7127704248023,98.85383440179461,0
2.6134147734196516,64.0801949823575,58.54214557530764,96.94494362991878,0
6.394445123687592,60.62156556875394,89.91792561713328,39.66843913268748,1
8.87105836753718,77.7038945586844,64.81499576782096,43.95657983530734,1
2.767911991431159,88.533465774798,43.06201479878369,54.79032422094214,0
3.792913056100853,83.35053300593793,56.92270779194801,70.93838651419,1
7.996643544170598,93.30089948928708,39.030000130866014,41.30356276585616,1
9.746437834548706,61.98458465984909,47.118742261326894,89.97680225713927,1
5.506670675821081,88.05794913708226,36.06012685999473,75.08915164002508,0
2.295077522961257,63.68686708910069,62.196794990009806,70.25368614964333,0
1.1254265893738138,67.184143809301,73.07241589710783,45.745236018873925,0
3.0669042699896973,86.94571137765868,55.59754774273446,51.46160583601283,0
2.186399960078689,99.10921532044068,60.22290629031663,45.420281623846776,0
7.098928062515717,82.51946226896813,92.55255637067455,90.3756552566619,1
2.0964925416567803,57.452514174608304,80.11778729449493,72.97481090397918,0
5.556969384585697,82.73390364673898,67.45139821669707,82.78341278877616,1
7.248361920785978,56.90577482110752,52.07245250670951,54.24213608915167,0
6.230049482988122,94.78655701150677,88.81980792637971,59.131421410738014,1
2.7979808649405187,86.93102282952793,49.10582701283957,61.315572687724696,0
8.237120735640364,62.79075308901265,54.52056383100062,84.40097316336227,1
7.438664166542215,59.12744526208891,89.54388886537691,85.20294419884692,1
7.650856035239876,63.258995299614355,66.77252331710434,48.44287928841206,0
2.1795197640158195,99.10122307993866,79.5390769650786,96.20002568797644,1
2.1137842328531016,75.63522891063204,70.44468764982597,42.842596933839616,0
9.348062959058568,90.28364267536335,74.20635254056971,93.24793535753597,1
4.578203744424465,83.63837539484996,52.962997490889535,41.52571696723761,0
3.7085382260284576,80.75859174813868,49.482323697599774,52.19508772483522,0
5.3972564081638,61.53086145992724,54.34954083011992,90.02110484441721,1
6.965777914872242,97.57110041011427,44.326493845005345,46.66698470249568,1
9.60060931342273,68.5604184631623,87.45886191744844,61.88191553514804,1
3.578016041938495,81.0107747113394,51.994815995006846,64.2408544963682,0
9.323275863808243,86.48991750650798,68.68936366486308,50.94183324650863,1
1.2237354224763068,84.2154919860389,82.51846550848245,81.16593808683913,0
5.996782380941422,97.32674843629833,82.02944656254282,90.33675221114325,1
6.705776005129766,61.679754546402606,61.30317551505158,91.84738409061217,1
1.9530766337567798,77.87587323011239,63.575438515203544,57.05593947287646,0
2.2630563735752136,73.18154758333446,94.6821049361015,69.50527562870795,1
4.772028873846734,76.33759282671781,75.47584861874145,51.14641625126735,0
9.696087209288635,60.364788678898506,83.87830658707296,50.91177260075945,1
6.364382979109355,61.03425744427444,89.15323815315392,45.48151408537507,0
9.3972089944019,67.51339956015659,82.25539017376036,96.10123570248845,1
8.239248240516737,68.71170716923741,46.110760697214054,92.71927385936269,1
5.2064344139976235,74.25564461566074,68.73024402425433,85.5283163663,1
8.062871043269688,82.49443961664826,41.11364943887269,68.64799888370239,1
1.1605310557928896,83.55831028382184,74.17532759383991,66.88951450827167,0
1.9822959708916144,73.53149034635067,92.32096569126867,69.43346830186238,1
